Fecha,pred_Cond,pred_Temp,pred_pH
2025-07-19,121.90816,29.546585,8.254806
